{
  "hash": "2734ee41",
  "configHash": "9a24da7a",
  "lockfileHash": "85f9ef07",
  "browserHash": "ebdf3cf3",
  "optimized": {
    "@angular/common": {
      "src": "../../../../../../node_modules/@angular/common/fesm2022/common.mjs",
      "file": "@angular_common.js",
      "fileHash": "84c10a12",
      "needsInterop": false
    },
    "@angular/common/http": {
      "src": "../../../../../../node_modules/@angular/common/fesm2022/http.mjs",
      "file": "@angular_common_http.js",
      "fileHash": "e34b8181",
      "needsInterop": false
    },
    "@angular/core": {
      "src": "../../../../../../node_modules/@angular/core/fesm2022/core.mjs",
      "file": "@angular_core.js",
      "fileHash": "b3cb438d",
      "needsInterop": false
    },
    "@angular/forms": {
      "src": "../../../../../../node_modules/@angular/forms/fesm2022/forms.mjs",
      "file": "@angular_forms.js",
      "fileHash": "fea575cc",
      "needsInterop": false
    },
    "@angular/platform-browser": {
      "src": "../../../../../../node_modules/@angular/platform-browser/fesm2022/platform-browser.mjs",
      "file": "@angular_platform-browser.js",
      "fileHash": "fea8c2a4",
      "needsInterop": false
    },
    "@angular/platform-browser/animations": {
      "src": "../../../../../../node_modules/@angular/platform-browser/fesm2022/animations.mjs",
      "file": "@angular_platform-browser_animations.js",
      "fileHash": "088a5907",
      "needsInterop": false
    },
    "@angular/router": {
      "src": "../../../../../../node_modules/@angular/router/fesm2022/router.mjs",
      "file": "@angular_router.js",
      "fileHash": "3da32805",
      "needsInterop": false
    },
    "@ng-bootstrap/ng-bootstrap": {
      "src": "../../../../../../node_modules/@ng-bootstrap/ng-bootstrap/fesm2022/ng-bootstrap.mjs",
      "file": "@ng-bootstrap_ng-bootstrap.js",
      "fileHash": "58a16f35",
      "needsInterop": false
    },
    "ngx-toastr": {
      "src": "../../../../../../node_modules/ngx-toastr/fesm2022/ngx-toastr.mjs",
      "file": "ngx-toastr.js",
      "fileHash": "e2fcfa8a",
      "needsInterop": false
    },
    "bootstrap": {
      "src": "../../../../../../node_modules/bootstrap/dist/js/bootstrap.esm.js",
      "file": "bootstrap.js",
      "fileHash": "67a2aec7",
      "needsInterop": false
    }
  },
  "chunks": {
    "chunk-LMR6SBZW": {
      "file": "chunk-LMR6SBZW.js"
    },
    "chunk-4Z2AG5IY": {
      "file": "chunk-4Z2AG5IY.js"
    },
    "chunk-RIHOY4BZ": {
      "file": "chunk-RIHOY4BZ.js"
    },
    "chunk-W4SBYBBC": {
      "file": "chunk-W4SBYBBC.js"
    },
    "chunk-R7MPFQA7": {
      "file": "chunk-R7MPFQA7.js"
    },
    "chunk-HN3YPN5D": {
      "file": "chunk-HN3YPN5D.js"
    },
    "chunk-EV6CLLCN": {
      "file": "chunk-EV6CLLCN.js"
    },
    "chunk-DAQQYGPK": {
      "file": "chunk-DAQQYGPK.js"
    },
    "chunk-Y3GDCSAW": {
      "file": "chunk-Y3GDCSAW.js"
    },
    "chunk-XWLXMCJQ": {
      "file": "chunk-XWLXMCJQ.js"
    }
  }
}