{
  "hash": "d55e4dcc",
  "configHash": "cba9cd09",
  "lockfileHash": "903ba1c0",
  "browserHash": "3c33ea09",
  "optimized": {
    "@angular/common": {
      "src": "../../../../../../node_modules/@angular/common/fesm2022/common.mjs",
      "file": "@angular_common.js",
      "fileHash": "959b8c09",
      "needsInterop": false
    },
    "@angular/core": {
      "src": "../../../../../../node_modules/@angular/core/fesm2022/core.mjs",
      "file": "@angular_core.js",
      "fileHash": "4e20066b",
      "needsInterop": false
    },
    "@angular/forms": {
      "src": "../../../../../../node_modules/@angular/forms/fesm2022/forms.mjs",
      "file": "@angular_forms.js",
      "fileHash": "cf30891b",
      "needsInterop": false
    },
    "@angular/platform-browser": {
      "src": "../../../../../../node_modules/@angular/platform-browser/fesm2022/platform-browser.mjs",
      "file": "@angular_platform-browser.js",
      "fileHash": "207b7fc1",
      "needsInterop": false
    },
    "@angular/router": {
      "src": "../../../../../../node_modules/@angular/router/fesm2022/router.mjs",
      "file": "@angular_router.js",
      "fileHash": "2bd8ded1",
      "needsInterop": false
    },
    "@angular/common/http": {
      "src": "../../../../../../node_modules/@angular/common/fesm2022/http.mjs",
      "file": "@angular_common_http.js",
      "fileHash": "686e3f9c",
      "needsInterop": false
    },
    "tslib": {
      "src": "../../../../../../node_modules/tslib/tslib.es6.mjs",
      "file": "tslib.js",
      "fileHash": "13348edf",
      "needsInterop": false
    },
    "@ng-bootstrap/ng-bootstrap": {
      "src": "../../../../../../node_modules/@ng-bootstrap/ng-bootstrap/fesm2022/ng-bootstrap.mjs",
      "file": "@ng-bootstrap_ng-bootstrap.js",
      "fileHash": "a1326b41",
      "needsInterop": false
    }
  },
  "chunks": {
    "chunk-DF2PJGHW": {
      "file": "chunk-DF2PJGHW.js"
    },
    "chunk-RBW4FMAQ": {
      "file": "chunk-RBW4FMAQ.js"
    },
    "chunk-YVEPEF7M": {
      "file": "chunk-YVEPEF7M.js"
    },
    "chunk-KAYBRTWR": {
      "file": "chunk-KAYBRTWR.js"
    },
    "chunk-ILGTGNVP": {
      "file": "chunk-ILGTGNVP.js"
    },
    "chunk-UX7MDUAA": {
      "file": "chunk-UX7MDUAA.js"
    },
    "chunk-EPAV4CNQ": {
      "file": "chunk-EPAV4CNQ.js"
    }
  }
}